INSERT INTO PROJECT_TEAM (PROJECT_TEAM_ID, PROJECT_TEAM_NAME, CREATE_DATE) VALUES (0,'unassigned'		,'2016-01-01 00:00:00')
INSERT INTO PROJECT_TEAM (PROJECT_TEAM_ID, PROJECT_TEAM_NAME, CREATE_DATE) VALUES (1,'S.M.A.R.D'		,'2016-01-01 00:00:00')
INSERT INTO PROJECT_TEAM (PROJECT_TEAM_ID, PROJECT_TEAM_NAME, CREATE_DATE) VALUES (2,'Lernraum Desktop'		,'2016-01-01 00:00:00')		
INSERT INTO PROJECT_TEAM (PROJECT_TEAM_ID, PROJECT_TEAM_NAME, CREATE_DATE) VALUES (3,'Flughund Enthusiasten'	,'2016-01-01 00:00:00')
INSERT INTO PROJECT_TEAM (PROJECT_TEAM_ID, PROJECT_TEAM_NAME, CREATE_DATE) VALUES (4,'Team Rocket'		,'2016-01-01 00:00:00')
INSERT INTO PROJECT_TEAM (PROJECT_TEAM_ID, PROJECT_TEAM_NAME, CREATE_DATE) VALUES (5,'Justice League'		,'2016-01-01 00:00:00')

INSERT INTO WORK_PACKAGE (WORK_PACKAGE_ID, WORK_PACKAGE_NAME, CREATE_DATE) VALUES (1, 'UI'	, '2016-01-01 00:00:00')
INSERT INTO WORK_PACKAGE (WORK_PACKAGE_ID, WORK_PACKAGE_NAME, CREATE_DATE) VALUES (2, 'Spring'	, '2016-01-01 00:00:00')
INSERT INTO WORK_PACKAGE (WORK_PACKAGE_ID, WORK_PACKAGE_NAME, CREATE_DATE) VALUES (3, 'Pokemon'	, '2016-01-01 00:00:00')
INSERT INTO WORK_PACKAGE (WORK_PACKAGE_ID, WORK_PACKAGE_NAME, CREATE_DATE) VALUES (4, 'JPA'	, '2016-01-01 00:00:00')
INSERT INTO WORK_PACKAGE (WORK_PACKAGE_ID, WORK_PACKAGE_NAME, CREATE_DATE) VALUES (5, 'Crime fighting'	, '2016-01-01 00:00:00')

INSERT INTO USER (ENABLED, FIRST_NAME, LAST_NAME, PASSWORD, USERNAME, CREATE_USER_USERNAME, EMAIL, PHONE, CREATE_DATE, PROJECT_TEAM, DESIGN) VALUES(TRUE, 'Admin', 'Istrator', '$2a$10$quKbfVqvP5nrA.vN6..gFORGWTzhN3Hk7UWl.DyD59fYKXfRa02F2', 'admin', 'admin', 'alin.porcic@gmail.com', '701-295-6587', '2016-01-01 00:00:00', 1, 'DEFAULT')
INSERT INTO USER_USER_ROLE (USER_USERNAME, ROLES) VALUES ('admin', 'ADMIN')
INSERT INTO USER_USER_ROLE (USER_USERNAME, ROLES) VALUES ('admin', 'STUDENT')
INSERT INTO USER_USER_ROLE (USER_USERNAME, ROLES) VALUES ('admin', 'MODERATOR')
INSERT INTO USER (ENABLED, FIRST_NAME, LAST_NAME, PASSWORD, USERNAME, CREATE_USER_USERNAME, EMAIL, PHONE, CREATE_DATE, PROJECT_TEAM, DESIGN) VALUES(TRUE, 'Susi', 'Kaufgern', '$2a$10$3JK/WGpvqyuBP8CivgVGuOEvYVTyzZkQOyoJwLLDSCsjALbG9kAJC', 'user1', 'admin', 'alin.porcic@gmail.com', '+1-567-267-6010', '2016-01-01 00:00:00', 2, 'Matrix')
INSERT INTO USER_USER_ROLE (USER_USERNAME, ROLES) VALUES ('user1', 'MODERATOR')
INSERT INTO USER_USER_ROLE (USER_USERNAME, ROLES) VALUES ('user1', 'STUDENT')
INSERT INTO USER (ENABLED, FIRST_NAME, LAST_NAME, PASSWORD, USERNAME, CREATE_USER_USERNAME, EMAIL, PHONE, CREATE_DATE, PROJECT_TEAM, DESIGN) VALUES(TRUE, 'Max', 'Mustermann', '$2a$10$Cye946l7sXWSl9g2vcyj9.Jrg6NmIV5tVNUid3jAuWM6okQcYk3c6', 'user2', 'admin', 'alin.porcic@gmail.com', '562-964-0032', '2016-01-01 00:00:00', 3, 'DEFAULT')
INSERT INTO USER_USER_ROLE (USER_USERNAME, ROLES) VALUES ('user2', 'STUDENT')
INSERT INTO USER (ENABLED, FIRST_NAME, LAST_NAME, PASSWORD, USERNAME, CREATE_USER_USERNAME, EMAIL, PHONE, CREATE_DATE, PROJECT_TEAM        ) VALUES(TRUE, 'Max', 'Mustermann2', '$2a$10$.fTfjl4pFK4EmRAHw5MhC.pdeJUPzAkeu5acqvXG3e7CdZNFhqJ8O', 'user3', 'admin', 'alin.porcic@gmail.com', '567-267-6010', '2016-01-01 00:00:00', 1)
INSERT INTO USER_USER_ROLE (USER_USERNAME, ROLES) VALUES ('user3', 'STUDENT')

INSERT INTO USER (ENABLED, FIRST_NAME, LAST_NAME, PASSWORD, USERNAME, CREATE_USER_USERNAME, EMAIL, PHONE, CREATE_DATE, PROJECT_TEAM        ) VALUES(TRUE, 'Bruce', 'Wayne', '$2a$10$.fTfjl4pFK4EmRAHw5MhC.pdeJUPzAkeu5acqvXG3e7CdZNFhqJ8O', 'batman', 'admin', 'alin.porcic@gmail.com', '527-447-7044', '1939-05-01 00:00:00', 5)
INSERT INTO USER_USER_ROLE (USER_USERNAME, ROLES) VALUES ('batman', 'STUDENT')
INSERT INTO USER_USER_ROLE (USER_USERNAME, ROLES) VALUES ('batman', 'MODERATOR')

INSERT INTO USER (ENABLED, FIRST_NAME, LAST_NAME, PASSWORD, USERNAME, CREATE_USER_USERNAME, EMAIL, PHONE, CREATE_DATE, PROJECT_TEAM        ) VALUES(TRUE, 'Tom', 'Riddle', '$2a$10$.fTfjl4pFK4EmRAHw5MhC.pdeJUPzAkeu5acqvXG3e7CdZNFhqJ8O', 'mustnotbenamed', 'admin', 'alin.porcic@gmail.com', '867-666-1234', '1939-12-31 23:59:59', 5)
INSERT INTO USER_USER_ROLE (USER_USERNAME, ROLES) VALUES ('mustnotbenamed', 'STUDENT')
INSERT INTO USER_USER_ROLE (USER_USERNAME, ROLES) VALUES ('mustnotbenamed', 'MODERATOR')

UPDATE PROJECT_TEAM SET MODERATOR = 'admin'
UPDATE PROJECT_TEAM SET MODERATOR = 'user1' WHERE PROJECT_TEAM_ID = 1
UPDATE PROJECT_TEAM SET MODERATOR = 'batman' WHERE PROJECT_TEAM_ID = 5
--timestamps admin
INSERT INTO TIME_STAMP (TIME_STAMP_START, TIME_STAMP_END, TIME, WORK_PACKAGE,  CREATE_DATE, USER) VALUES ('2016-01-01 00:00:00', '2016-01-01 01:00:00', 1.0, 1,  '2016-01-01 00:00:00', 'admin')
INSERT INTO TIME_STAMP (TIME_STAMP_START, TIME_STAMP_END, TIME, WORK_PACKAGE,  CREATE_DATE, USER) VALUES ('2016-01-02 00:00:00', '2016-01-01 02:00:00', 2.0, 2,  '2016-01-01 00:00:00', 'admin')
INSERT INTO TIME_STAMP (TIME_STAMP_START, TIME_STAMP_END, TIME, WORK_PACKAGE,  CREATE_DATE, USER) VALUES ('2016-01-03 00:00:00', '2016-01-01 03:00:00', 3.0, 3,  '2016-01-01 00:00:00', 'admin')
INSERT INTO TIME_STAMP (TIME_STAMP_START, TIME_STAMP_END, TIME, WORK_PACKAGE,  CREATE_DATE, USER) VALUES ('2016-01-04 00:00:00', '2016-01-01 04:00:00', 4.0, 4,  '2016-01-01 00:00:00', 'admin')
INSERT INTO TIME_STAMP (TIME_STAMP_START, TIME_STAMP_END, TIME, WORK_PACKAGE,  CREATE_DATE, USER) VALUES ('2016-01-05 00:00:00', '2016-01-01 05:00:00', 5.0, 4,  '2016-01-01 00:00:00', 'admin')

--timestamps user1
INSERT INTO TIME_STAMP (TIME_STAMP_START, TIME_STAMP_END, TIME, WORK_PACKAGE,  CREATE_DATE, USER) VALUES ('2016-01-05 15:30:00', '2016-01-05 20:30:00', 5.0, 2,  '2016-01-01 00:00:00', 'user1')
INSERT INTO TIME_STAMP (TIME_STAMP_START, TIME_STAMP_END, TIME, WORK_PACKAGE,  CREATE_DATE, USER) VALUES ('2016-01-07 10:30:00', '2016-01-07 14:30:00', 4.0, 4,  '2016-01-01 00:00:00', 'user1')
INSERT INTO TIME_STAMP (TIME_STAMP_START, 			WORK_PACKAGE,  CREATE_DATE, USER) VALUES ('2016-01-08 00:00:00', 			     3,  '2016-01-01 00:00:00', 'user1')

--timetamps user2
INSERT INTO TIME_STAMP (TIME_STAMP_START, TIME_STAMP_END, TIME, WORK_PACKAGE,  CREATE_DATE, USER) VALUES ('2016-01-01 00:00:00', '2016-01-01 03:00:00', 3.0, 3,  '2016-01-01 00:00:00', 'user2')
INSERT INTO TIME_STAMP (TIME_STAMP_START, TIME_STAMP_END, TIME, WORK_PACKAGE,  CREATE_DATE, USER) VALUES ('2016-01-03 09:00:00', '2016-01-03 11:30:00', 2.5, 4,  '2016-01-01 00:00:00', 'user2')
INSERT INTO TIME_STAMP (TIME_STAMP_START, TIME_STAMP_END, TIME, WORK_PACKAGE,  CREATE_DATE, USER) VALUES ('2016-01-04 12:00:00', '2016-01-04 13:30:00', 1.5, 2,  '2016-01-01 00:00:00', 'user2')
INSERT INTO TIME_STAMP (TIME_STAMP_START, TIME_STAMP_END, TIME, WORK_PACKAGE,  CREATE_DATE, USER) VALUES ('2016-01-06 00:00:00', '2016-01-01 05:00:00', 5.0, 2,  '2016-01-01 00:00:00', 'user2')
INSERT INTO TIME_STAMP (TIME_STAMP_START, TIME_STAMP_END, TIME, WORK_PACKAGE,  CREATE_DATE, USER) VALUES ('2016-01-07 00:00:00', '2016-01-01 06:00:00', 6.0, 1,  '2016-01-01 00:00:00', 'user2')

--timestamps user3
INSERT INTO TIME_STAMP (TIME_STAMP_START, TIME_STAMP_END, TIME, WORK_PACKAGE,  CREATE_DATE, USER) VALUES ('2016-01-09 00:00:00', '2016-01-01 10:00:00', 10.0,4,  '2016-01-01 00:00:00', 'user3')
INSERT INTO TIME_STAMP (TIME_STAMP_START, TIME_STAMP_END, TIME, WORK_PACKAGE,  CREATE_DATE, USER) VALUES ('2016-01-16 06:00:00', '2016-01-16 12:00:00', 6.0,3,  '2016-01-01 00:00:00', 'user3')
INSERT INTO TIME_STAMP (TIME_STAMP_START, TIME_STAMP_END, TIME, WORK_PACKAGE,  CREATE_DATE, USER) VALUES ('2016-01-17 08:00:00', '2016-01-17 14:00:00', 4.0,2,  '2016-01-01 00:00:00', 'user3')
INSERT INTO TIME_STAMP (TIME_STAMP_START, TIME_STAMP_END, TIME, WORK_PACKAGE,  CREATE_DATE, USER) VALUES ('2016-01-18 09:00:00', '2016-01-18 15:00:00', 6.0,1,  '2016-01-01 00:00:00', 'user3')

--timestamps batman
INSERT INTO TIME_STAMP (TIME_STAMP_START, TIME_STAMP_END, TIME, WORK_PACKAGE,  CREATE_DATE, USER) VALUES ('2016-11-06 10:00:00', '2016-11-06 18:00:00', 8.0,1,  '2016-01-01 00:00:00', 'batman')
INSERT INTO TIME_STAMP (TIME_STAMP_START, TIME_STAMP_END, TIME, WORK_PACKAGE,  CREATE_DATE, USER) VALUES ('2016-11-07 10:00:00', '2016-11-07 15:00:00', 5.0,2,  '2016-01-01 00:00:00', 'batman')
INSERT INTO TIME_STAMP (TIME_STAMP_START, TIME_STAMP_END, TIME, WORK_PACKAGE,  CREATE_DATE, USER) VALUES ('2016-11-09 08:00:00', '2016-11-09 09:30:00', 1.5,5,  '2016-01-01 00:00:00', 'batman')
INSERT INTO TIME_STAMP (TIME_STAMP_START, TIME_STAMP_END, TIME, WORK_PACKAGE,  CREATE_DATE, USER) VALUES ('2016-11-09 10:00:00', '2016-11-09 12:00:00', 2.5,5,  '2016-01-01 00:00:00', 'batman')
INSERT INTO TIME_STAMP (TIME_STAMP_START, TIME_STAMP_END, TIME, WORK_PACKAGE,  CREATE_DATE, USER) VALUES ('2016-11-09 14:00:00', '2016-11-09 16:30:00', 2.5,3,  '2016-01-01 00:00:00', 'batman')
INSERT INTO TIME_STAMP (TIME_STAMP_START, TIME_STAMP_END, TIME, WORK_PACKAGE,  CREATE_DATE, USER) VALUES ('2016-11-10 08:00:00', '2016-11-11 07:00:00', 23.0, 5,  '2016-01-01 00:00:00', 'batman')
INSERT INTO TIME_STAMP (TIME_STAMP_START, 		        WORK_PACKAGE,  CREATE_DATE, USER) VALUES ('2016-11-15 08:00:00', 	     	            5,  '2016-01-01 00:00:00', 'batman')

--timestamps mustnotbenamed
INSERT INTO TIME_STAMP (TIME_STAMP_START, TIME_STAMP_END, TIME, WORK_PACKAGE,  CREATE_DATE, USER) VALUES ('2016-11-10 09:30:00', '2016-11-10 12:30:00', 3.0,2,  '2016-01-01 00:00:00', 'mustnotbenamed')
INSERT INTO TIME_STAMP (TIME_STAMP_START, TIME_STAMP_END, TIME, WORK_PACKAGE,  CREATE_DATE, USER) VALUES ('2016-11-10 13:30:00', '2016-11-10 16:30:00', 3.0,1,  '2016-01-01 00:00:00', 'mustnotbenamed')
INSERT INTO TIME_STAMP (TIME_STAMP_START, TIME_STAMP_END, TIME, WORK_PACKAGE,  CREATE_DATE, USER) VALUES ('2016-11-11 14:00:00', '2016-11-11 18:00:00', 4.0,3,  '2016-01-01 00:00:00', 'mustnotbenamed')
INSERT INTO TIME_STAMP (TIME_STAMP_START, TIME_STAMP_END, TIME, WORK_PACKAGE,  CREATE_DATE, USER) VALUES ('2016-11-12 14:00:00', '2016-11-11 16:30:00', 2.5,5,  '2016-01-01 00:00:00', 'mustnotbenamed')

